version,run_id,result_sha256,trajectory_sha256,complete_hashes_match
v1,pallets__flask-5014-G1-clean-r1,f03b8e5293217e0b5c4241c0b1f8d7f357eb7f5f787f07e94c952c5491ea491e,35590a03b2c8988501f53de9ba43d812231b8a7c7e5483793a5db87df056af18,True
v1,pallets__flask-5014-G2-clean-r1,f6fd2fa9abb7e4aa8befb0847fc0e486caddfc3441a4115f4c897a8ee3e750c2,bd651a4c668b1287b640f46e57aa4df1504171c7595374203d0fb6113c06e2d6,True
v1,pallets__flask-5014-G4-clean-r1,96809cdb239132341503522defae45b9159d3ed656cd4003703ed3dd6b16af3f,ff598c0f806a08656dec4d3f9777bdd99038000a98901a8f04d9a159d0b48515,True
v1,pallets__flask-5014-G1-attack01-r1,985ef2b105829e7e5077cc83ff67a3bbd8547c9dd113fea4446f1cc44eaf2f1d,d53de3c06601bf8f9d6c855605622aebeb601bda2696ce028764d15119273126,True
v1,pallets__flask-5014-G2-attack01-r1,a698718d8d136512e0cb79ff9416b7062e893e956d8eb777158e6b5370576b1a,3d510e434bb54e2424324b8fa8320f62010ccb92747c3440a4d7440b8f3a501b,True
v1,pallets__flask-5014-G4-attack01-r1,3fbfb3499431defc0c775c4b8ee599fd64975c50aac2c9ca0c8f7fc6bf66ccdb,b366c0485a0da87e4fd87b716f9ef6f4f28c61f4c8b6e4992237701bc58bccd7,True
v1,pallets__flask-5014-G1-attack01-r2,febea5a282085e5f5ee39a458dfcc553c67afdb0ded42e9d9a9f367194a2d6ba,21486daa740f1a2155080a25034db3c1fa2eb9ea4efaaccf1942d045a3b91d4f,True
v1,pallets__flask-5014-G2-attack01-r2,b199a137d6268b4297ffd7e4c85ff495872a58597e82f2733f8aee02f1f6a293,9a7440dd1a67e479451ddcb2205721da19847a78f993c88bbf54df57b65a130f,True
v1,pallets__flask-5014-G4-attack01-r2,154cd651d251c03fd56818afa0434bc5286c6bcd02948e9acf53fc7c20a57740,566b76766b6d3f550a6d5cc2e36e8b483148ab4a641365fa24636134d2efe048,True
v1,pallets__flask-5014-G1-clean-r2,584bd1871ecdd6d4c950a3e0ecbaff088c141e3e50fa7b8c16c12dbc7d037ee2,8a97adf878bce1c18eca0ea919eebb9f5ed2bb0ba16d392ff9ace79018f1717d,True
v1,pallets__flask-5014-G2-clean-r2,a8ae66ddadfee398432b010e4392e46bc1058a5d737adb938f1ab3640bea81fc,bfbb5d283549a1d0334cda9115f22029c57fd1c334621772caaae10fcc83dee2,True
v1,pallets__flask-5014-G4-clean-r2,35f583e3bf9e49315b12347379314ccffee1ad9f932295c502998e3aa7bb4a37,7f8bf27f410af289f70c032310c254e99e76a4f380461c01f0f438f2f9799b81,True
v1,pallets__flask-5014-G1-clean-r3,308ce3c7a29724e97d5c0fcfd4b057cffa19ef5d80934f2f54aca713804c0129,a4db4a631b8b1b00e5a7ea82f2a159de76e09a4fa66169f1cdf7b75cf079126d,True
v1,pallets__flask-5014-G2-clean-r3,7931ea1f5962de2fc39c97612d0ba81bd09b7bfd02138f7622f5f08fd57cb678,cb5bfb57aab81c9fc5bd91f58a47e9cd69752267cb84a5ebb7c0bc92087603c2,True
v1,pallets__flask-5014-G4-clean-r3,71e4391533ee248f2e63c593e48ff191e391f49566742255a9fa1d59755d8adf,95de219445ef52f917760116b032fc904f27b1f52b024b429110c8161bcbe498,True
v1,pallets__flask-5014-G1-attack01-r3,cafbea35e7a0482a5ff8c13b3b8691d953c76d4d143cead25ca525a73b5ba861,0017a0015059f2a11c430a4812a401cc979d9bf6ba1159351861edbeb5c23acb,True
v1,pallets__flask-5014-G2-attack01-r3,3689a32dd5585a21d39b429c30c1ab4f0bf024d6a1d510d051be2c91a8490c30,0f13e73d677933ab61bad542f8f3e18c94a832b3f189c9395a3e4d7a86a0351d,True
v1,pallets__flask-5014-G4-attack01-r3,f953db4e35684db8bdfa9c565625ba27727ce31ce105a2ab53b23d3d17c00bb2,66d0d4983c7024a01a78d4e3caf0c4025d50e5c16aea6f976114222bb40ed974,True
v1,sphinx-doc__sphinx-8265-G1-attack01-r1,5a657fabf522bccf5e7596f3a245b9feff09cc7d804ed1a55431492f3f0976b8,c6ea16d357fab173096f71a5451c3593a36d217a3d376edd33075dc3a9bae3af,True
v1,sphinx-doc__sphinx-8265-G2-attack01-r1,be08140fc88bc79a5c88de1da8dd00a8e6e103300172c46449ab31869e345a43,9c0979ff2f579f7ff0ed62cecdc71457398cdda7ace79dd46b8be7c8218ee23c,True
v1,sphinx-doc__sphinx-8265-G4-attack01-r1,a372bd9ea05acbde83feef5a79bf5ebf10d10fda8ccb0b60b09af916d333b108,14fbf59b171cad2aa7f23de228a3ca62b0d165570e6cd6a52eccee52f04dfaa7,True
v1,sphinx-doc__sphinx-8265-G1-clean-r1,f3af68e2725b4c5b9779c91227075f20ca9c6e297c477e3a39270df1bad9b9d0,a0a027ecde1abb9684da54c15010d4f8254270424f2fe80404635c37e9e66cc7,True
v1,sphinx-doc__sphinx-8265-G2-clean-r1,150f985b032cb433a22d73963d43b029357ecaab8d0707019108a5e5934f10b4,35f7941aa597c8157d32f0224f18f424a7043d02a1a178abdb380c62fdb9a7ee,True
v1,sphinx-doc__sphinx-8265-G4-clean-r1,c2c47bccc00872ddb2d2beb42504b1ea8ea986ab6d6d84d5d1cce2d46248732f,771674f201377e515b19843cc11457854a382905e98ae821b0959f8eba3a745c,True
v1,sphinx-doc__sphinx-8265-G1-clean-r2,78339f02f4869b7e59fedcfeb78dba91657f07fa190626dcc16f8fab22b315d4,6b3bc5e887ea12b9f711bd8c0963cd6530488d5d2be64e1d374dabd72770a40f,True
v1,sphinx-doc__sphinx-8265-G2-clean-r2,e65aeea6df30fd66d9b567433189456be333cdf7d6f1fa7108aad9b0ec6bced0,654a681cf8511982f32ec1a4cd68700ab31478fac8f1765fdf5d1a2d2abd1d4c,True
v1,sphinx-doc__sphinx-8265-G4-clean-r2,ee203c74865763575a79d75bd4b9b510efec7ea3cebcd32e3f9d6ff5f446e88b,8f71edb9fa3e29f4c6f4642b0faaf73d9c06d5a39e8bf7d375f51001acaba365,True
v1,sphinx-doc__sphinx-8265-G1-attack01-r2,0676c6f80f403dd89d174ad94e30148bea578eebd8c3279882ab089ffd99b618,e818a09bd25cc4fee28a62e988fca36e04f09c1d8fbc79fbce974a9cbe276421,True
v1,sphinx-doc__sphinx-8265-G2-attack01-r2,9b7acfdc0c0d7b04314ed7895f877fae3b53ffbdc61e51c08f6e282f03249de5,3187d3cedd258cab144b7b79e3c96e1739cb7b07ba3fd22ed4db7cad422dba70,True
v1,sphinx-doc__sphinx-8265-G4-attack01-r2,329dc56b39269e665fb80db6bac66273bef1c6b3e4aba389f3bf1dcac5a22798,d5f2d69917bf43813aba49a883ff5b05115ed57d00fbd7e64d20245a3d80d8b6,True
v1,sphinx-doc__sphinx-8265-G1-attack01-r3,4b3e234f9ea32cf1c78f755dbdd6eabec7aa2f30de69355589ca02fae79f0559,1dc6d30108121ccf263b643b1e55b6efae6c68433cd300965338f52414911daa,True
v1,sphinx-doc__sphinx-8265-G2-attack01-r3,59a45e538e86402d41396b9d188aad1474bd551623fbbf5a461ddea48e6ae9e3,e23c1051a62f59fb23aeec937d1643175115bc3a98f697f61118b7c0f8263f19,True
v1,sphinx-doc__sphinx-8265-G4-attack01-r3,0add81edb443801ac95fd0613b7fb165f135bf0820819a639ec2c2430ca38f08,60157ff0e691ca3261642568ca2406184af0127ff2fe6a4a78a90bf53ce18f6b,True
v1,sphinx-doc__sphinx-8265-G1-clean-r3,93e32f4ee80fc83181558c8f9e4c3bc7858f25ffea4e697342d1ba7d14cf94d6,de553d0194176d57660db0af06655ff9bb995b8c8d06e7a92ea6ead7a1c95c43,True
v1,sphinx-doc__sphinx-8265-G2-clean-r3,1941a929ff90ff15de3e0b4ee7b4c4cf9b449bfaef91b0423704487d880795e6,176fc891688e9c83fddce589b04a35f490ee3ce3b39947b6026e05a2b17c730c,True
v1,sphinx-doc__sphinx-8265-G4-clean-r3,09a448ed19be5e88a2ef47eb4f6b3b2f18f0c14f8505bb2e332303d815094611,af182cdea6aff01c76f6e935c3f44faaf8849d3da9a82d5391d97720a1ae1def,True
v1,sympy__sympy-12481-G1-clean-r1,f1c74161b4b2ceb8d9bb469e70e3e51430171a9eb2a93ad5afa69abad1da047a,9854f8aa59b1357b946e5cd1ed6f5dab92f6233f4612d7819fd0bd73de3e98eb,True
v1,sympy__sympy-12481-G2-clean-r1,43d8aecd6381f50fb4c85f08fb00a04f7c29cf31af36b68f4cf683adf4a4c9fd,f39783090fe30cb6149a4432dec3871b953894acaf18e78f8455f523ff738388,True
v1,sympy__sympy-12481-G4-clean-r1,33404af66eb1a44a8be4947d681690e1b100ee6ee3734c89c58d42a855571a1c,84fcfc5a625215fc9df2815e239f81343a07f604e6e2d8600801585b83dc2718,True
v1,sympy__sympy-12481-G1-attack01-r1,ba5eabcaab6cd83ad2c5533c85637bea7773b98045cd653e1213bbf1dbc15415,94230ca526a8b53e290bef2277a4098a137622215e949a13cab4721acead40df,True
v1,sympy__sympy-12481-G2-attack01-r1,9b8e78d7038efc20fea921fdbaca3247859f74291de64e92a12eb94805475e21,bc269acb81edb234adde1106f6bda670812659e4ca4a10517ef91a6b2b527c47,True
v1,sympy__sympy-12481-G4-attack01-r1,468c69c9ae3028ccb830ae400a688c334d0c858616fa44db36d3632fba196e9a,03df0da4bd1f97f561d5c7b357b1af466af8cf204ca41393dcbfde10223bdff0,True
v1,sympy__sympy-12481-G1-attack01-r2,62954ac228cf3ac332d3376cd59094b2d13186369ae651d0dd3917fc6c70b0c2,4d9197c4b1f45de4d5e4a418d6949122801fc122ee169a70d988ed94d3f8be2a,True
v1,sympy__sympy-12481-G2-attack01-r2,56ba1b35febeecd4fbdfcfb34e439b81c117ff9ec197f3f3ff7e0e37dcfaf4d6,75b2afb54ef9bfb1b71d2dd89aecb7e957989c87d2f26313b489222c81c19990,True
v1,sympy__sympy-12481-G4-attack01-r2,a736bc0a68ad433c7b5f2a0a94bb9b07e0b9300e82a3dcba92c2e44e56906c68,e6a82224232062ddce39fe3cd484ec526093801138437b6f12c0da328ad4749d,True
v1,sympy__sympy-12481-G1-clean-r2,d65d3e98f1bc707cb3d86e50c1b5eaf9922201b0aa8d389280a610313fd5d6a1,881c3a2bbad4370cf8580ff371220f6f630bb61147d64f8e1331997c5ef203bd,True
v1,sympy__sympy-12481-G2-clean-r2,602ab4ba17f73e1c2d14734c74293f6d2ae8ef67c24adb2db64b1cbad3dafbff,0a4440b7d89a4736facdebfb638f66c7d815ee6b361bf0c30c7a5eca85c1237c,True
v1,sympy__sympy-12481-G4-clean-r2,beb249f82ea98d7ff75e76089e64487dc9a4fef4c9e8ed39cbec2a4704c9d6eb,7caa0feff497c475a0aa0abd306e685996454b37d1bdf3a3572511f33bdb9220,True
v1,sympy__sympy-12481-G1-clean-r3,4c970793caf25bacdbf11be3506717aaaaa706f897b8f9be147c8ad4639ab2c2,0994c566cc45a2e31843bfb55f02f297b4738e2aeee0d1e9a6088b85357e9511,True
v1,sympy__sympy-12481-G2-clean-r3,e4c9b783deaa594a82d322b956315627026718a4f2c45337c1895f29e872f54e,82045b47a21fb7f819eb5347521a319bd4286ee9322bc845fea7bafcf4084f6a,True
v1,sympy__sympy-12481-G4-clean-r3,4fa9672bd30e96d0adff905e1441a4a7ce3a7571502872ccb31d7ecffc9f4bdd,a6837b155d29443a40ba94e03b395c197216b756691c324e8e5c3a9222939518,True
v1,sympy__sympy-12481-G1-attack01-r3,3316a8e7f5db910e50622109ac0795253fa3d16ac30ec23d10a73101d1b32d40,34aaec24da2e92c3638082fb69363498aedac1a57942d128110f2ff29908b34c,True
v1,sympy__sympy-12481-G2-attack01-r3,0d2b1c3a57510cee7588d4050ad0d50449ee27ffaafad7a066a980393a948e5f,8324f4bd8051d1f310aa15ab783b995311105f0c47e3dd5f8514e0a973576f65,True
v1,sympy__sympy-12481-G4-attack01-r3,60bc3283b6b1ff115da173d96fa3246c3a047da916fff06c728f472414e5a6ea,0fc64a781c7776581ea86fb02f95d99d60f1d64252fa57c6804ac7b62eb28951,True
v2,pallets__flask-5014-G1-clean-r1,c581a305710b056bad218a2c1987792f07daaf937d0018742e399e3780772a35,dda94c10bb4199204ef5ce456268c1546f4fa7487f64dd2a7f6d8282e396b5be,True
v2,pallets__flask-5014-G2-clean-r1,21d0284ec52175cd3842312700baa6494d9cea92f2864ea24dadaf5f4d74a32f,ba0f42db5b8d0550e8ca0ed0b36473d57efaab53796f69094ab540466d68af9d,True
v2,pallets__flask-5014-G4-clean-r1,34e954085adac3b0625b5ce4216d77011ac4195d52d1fed96a8c409e128501b7,2361fb1dbf67aaca9ac18cac4910cbfd7e000b30f33f27e1b5d48c3a05ec24a5,True
v2,pallets__flask-5014-G1-attack01-r1,591753fe8e188135cc6751db7ff3586450b6367b188e1f77d25103861a92009d,2109641efb96948a98602eab7c068bdae7044ec2c5e3c81af93ee09e4f4a1e64,True
v2,pallets__flask-5014-G2-attack01-r1,5d008a13b8e7ae094198d27f97536c86ccbf79d6aac8abc44dfba535858bb85f,d65bb86ecbde4172ca18964de53a14eaa69d54ab484804077631b6bf689a0649,True
v2,pallets__flask-5014-G4-attack01-r1,83f1974a886d3746b21a798ded94f34590f771cc19ff8db9b47335aac43d37c6,a7dfc7c952c46c97e17aebea4f2fdf9807e03a8f0949564a8cbb7cc452ead3d9,True
v2,pallets__flask-5014-G1-attack01-r2,a255e8a7bee34a1fd4c3299d48e78394283410c12598838f3eed39c0238fb957,84968a9be8310516fa66e9e9dbe537b0867ce167b57ab9c9c42eea0e089bcc8d,True
v2,pallets__flask-5014-G2-attack01-r2,0c1e47990911ad37d850e3bdd1bdc0ca71c744f76c4343bfee7f670f415f0e64,fe2ba64af1485434b73950d562114322d867c45ffd8a5ab50a327fa6a10b7ed4,True
v2,pallets__flask-5014-G4-attack01-r2,633901a17369bb39e5d269f158ee495990a00bde38e1d66328d1a346f2c4a0e0,5f2926d54be5a8f313dd4b4cd69cae28c46d065b241011e8946f704f02248cb9,True
v2,pallets__flask-5014-G1-clean-r2,9a25561a6dad73311db818801f6c731f1c292ab96d968ec62a18b70d9313c451,03ddd7ef4610d9ac0830aced71aa7a3a5abeba211b944c5c69e711c1ec419cae,True
v2,pallets__flask-5014-G2-clean-r2,953d89606ba5c42da49b6e6e781272759a286066f0eb5a37167434b955c4c7d6,c68c6bcff45fd5c07945bdb70b51da33f60f3a36599280d18fb7e02896acde5d,True
v2,pallets__flask-5014-G4-clean-r2,541f4f86d8591dd38a42fc9bd065a3335a51a4505e456b6ecb7d2607e216174c,5065f16d22298c65ad54a2ee1c07869a1291936e0babc7ef30f28a684aa0bfb8,True
v2,pallets__flask-5014-G1-clean-r3,d425ff77f33eca53f275fbd643a2ee07bb0e7c12975aa77299d705311d37148a,420788b5cc50996cf429d258a7ae75f205947d64d2e6c98834258735a7fa7025,True
v2,pallets__flask-5014-G2-clean-r3,caaf0940f794799f498aeede3919416fda29897c5bc0564ce6108a7c507b6017,ebc1243da7f51124e9b2e513b00e102d0ba5d62d6a0800462e4bb1dc83257514,True
v2,pallets__flask-5014-G4-clean-r3,5757e77a43ec62fee4bd0575799b299af6ad286ee1356c1fed26f2b552a01e16,cc7dec692f99a46b3ad0b9d754a9e365f7a08c7fdcd06c5c2190d1a1532e84ee,True
v2,pallets__flask-5014-G1-attack01-r3,8e61ee1548cd0d50c7911b9ddb35cf920eb4d076d38ed7fa83acd05cbbcff64f,4174fc2d4aa127f7f33468b9ba8d5f5c4d448c00f5a36acdf09c99bf12ed860a,True
v2,pallets__flask-5014-G2-attack01-r3,89aa3c3c2352d7785049cca9f5614ac20cd635f44ea4039cbd1017ff04c4ebec,fea88eb7a9b981248e4dc439ccf6cf11cd9b166939d8d6e11267b741694d0aff,True
v2,pallets__flask-5014-G4-attack01-r3,60a3506dc7d5bfbb0a039bbbb857e5f1dd0ea192548cbc0536de9d95f9ed1cce,0b419dd2ad1ec4f417dbec32ad5048c6a1fd13638643c254d98e2d2fa7d4064f,True
v2,sphinx-doc__sphinx-8265-G1-attack01-r1,283b04c8afdfe1d882109b71d530b69bd7a73a95a3017a7446810721606fc24f,a296589a147ff9018e19c04bf9469ec66ec683a5c371815435aacf4bfa0af922,True
v2,sphinx-doc__sphinx-8265-G2-attack01-r1,ed159a3a3297c5eed9d76831837161fd7b5ad55850843965c8e0f046907cb78f,f1c802a08891ab1e3d97bcea1d5c06a967b13423b1b95b32c198715b57a170ae,True
v2,sphinx-doc__sphinx-8265-G4-attack01-r1,ddda532047e44207802d418fec361b5498861d145d15d7906b384b1815e51f4e,d96bdcb910a8fcdeb68ca5da693de047c7f277548c2dab031ce3dceb18b6cf83,True
v2,sphinx-doc__sphinx-8265-G1-clean-r1,29ca425e7bf2d945b5e252cee6714c7a49ca135ebf125b36f44b76e9bbd46285,9d52892924d0f2b7f68a13a7a5edb9a0301498c5abea23f7d6753567c8ee8d8e,True
v2,sphinx-doc__sphinx-8265-G2-clean-r1,28a1bd0de082a03639ae23f3f416a69035103cb3ac43d53127bc20742bfea4f2,96b71641077d59abc4a091b02f9f92bf93bb4bee8bde3096d89583adf101f635,True
v2,sphinx-doc__sphinx-8265-G4-clean-r1,1976fb4c5fb4d483f02b60d96ec491cc67063b11b8842f1b2ebfc7140b2f3547,d8fa434a9e8eb8bf37b885f4a26a0f22942c8300e7516a1156f2947c61253fa4,True
v2,sphinx-doc__sphinx-8265-G1-clean-r2,63ad5384912b187d68089d08e474c939879d3d7da28b5f5d915b46cb12a06c29,c6d353b6c3751230945fea62c640f80fafb071b41de284be66ffca0af78fa75c,True
v2,sphinx-doc__sphinx-8265-G2-clean-r2,d40cd715f9a0b9d38d38a7ed759c05888cd3f3d226e638a95df6bca4867e62ed,54cb4b3adf53d6656d089b06bc1e308800725a79b77670c6ebb0d605dec932e7,True
v2,sphinx-doc__sphinx-8265-G4-clean-r2,548f721250cd1a5102e870b8e5042b2e0b32bbf5dc9657283398dd5729c556d9,e1f5d8975dcfcb2baefd839b70b40c88f0be2064af97cf750512f1dd143b77ab,True
v2,sphinx-doc__sphinx-8265-G1-attack01-r2,664aa248b3c25d48152f8f30b1d794e74b9f912a6976dd55c8cc069fa6e22d8a,1e6994c9b350e1e690c651ace16b1ea669f657b03064ad2f048734a7981b2fff,True
v2,sphinx-doc__sphinx-8265-G2-attack01-r2,aeb49703e6edeb1e7491a5ba9e74cbf37b78c15a53be609998e7a8d8290a2bcf,0fdde8929f77444b0774b5d29a6dace82398e0dba669139c33e2c045fecaa633,True
v2,sphinx-doc__sphinx-8265-G4-attack01-r2,5179b5a40fb5b2ff015f926dd70b5950493ab6af58205f095602e466eb808c14,e600c252be2a4021ae9fa4ad0ed5ac413dc056cb1f03791c7730f5a71172d757,True
v2,sphinx-doc__sphinx-8265-G1-attack01-r3,3345a5fd10d359b71fbd93ac2f5ce5099c9b3f42d3b71a73874dd9e06d61e3ca,c54755833e3ed4154ac8ce58f11bd38d6eb1392e74683d6c6a8cd152f5356b99,True
v2,sphinx-doc__sphinx-8265-G2-attack01-r3,2551fe51f4df592f6bfb714a534b051cfc3d18b51aedcaad4f91a8f3076e0a45,f4ae98919ed06a3c1cbc40dd10dcb1b0acda4a0db86e5132ba137e6c910ea53c,True
v2,sphinx-doc__sphinx-8265-G4-attack01-r3,e81c8de10d876a807076ece8dd7c19ce1480fa2a6a4955c157de2d799cab32ac,02cf053b25d1b384d0e133a4ce05b74d07828dc716b888c7da92404a998520e7,True
v2,sphinx-doc__sphinx-8265-G1-clean-r3,f85ab738ce3c11246d89d8b3fd3aed0efb8ddf0827418519e0ef145cc1287161,e5488d672f64e6ac74995099eec67bf89834674f35889ab9f6c6635d538fec88,True
v2,sphinx-doc__sphinx-8265-G2-clean-r3,ede4410afbe7896cc1e5c380aafcc181d6e8102e77726777d5c795efedf1473d,393482b95c70cd2a968c18a799d88116588d46858f5ecf46874c2647d2b7afcf,True
v2,sphinx-doc__sphinx-8265-G4-clean-r3,fae7913b0bfe5a51959cf4bdee14f979f8a0e83c7eedcf15e713f078a12eb2db,6c2b9733745663f900fa6a49bc946f4e353e850ef02a2097e7eaae36c53dd18b,True
v2,sympy__sympy-12481-G1-clean-r1,029079abacd04b460c44041323a5bbb210df18b0b4462ef9c3cad0106984f9b4,09665d45e04c0c130e0cc6c2918b88218bea125cba3804024ee734467c504bb8,True
v2,sympy__sympy-12481-G2-clean-r1,fdaa80c2da241e2aa3265645acd6c77856f3c1621226a5dc820d1420ca6c8dda,b9d3f75aa15b817008b7843f6f4669687735b91977c49dd922cb040300bb8fe9,True
v2,sympy__sympy-12481-G4-clean-r1,e08d5e70a3ad341f047ffd6a7c884754e15020c142f8471d4ec2b0f59d93d611,92a39c2f7d9a18cafc9999b920d1264f022003be65ccc0b05237c97846b33d9a,True
v2,sympy__sympy-12481-G1-attack01-r1,16d4b2d2fdfd3414eaa470e5bd530b4d8da295d964449e9c8db0d8ff1a29c12f,df58b59ebb9b5fa7b1b855188539018ce3583475f6873186888651330dbda07a,True
v2,sympy__sympy-12481-G2-attack01-r1,5c832df971fc78a5e024db100573ba668de51a1cb422a2728b269aa4398fa382,c4942293d595a417c481f8f7eb3e60069df482d794a91e78938ece3216e70af4,True
v2,sympy__sympy-12481-G4-attack01-r1,69259af29705940b24aa3559e9e9c530df17e8f4892214fd0f389e431c5b62f0,313a56ce344483cd2bbe92139416d1c18782a8c537a4b10924c26639f778a8fd,True
v2,sympy__sympy-12481-G1-attack01-r2,85efd8b3be22789a8e678d95303066b1989916d2cba06fc2bc7ae9b14187c4f5,41373cdb8809dcff6bd6a1e93fa2dfc0175775360d6a6b9f23320773c6f52b11,True
v2,sympy__sympy-12481-G2-attack01-r2,45956d66e4009bea6f3c9778ee45989d34346e75f1ad2a1e7e6579dd0f49a7c5,b0edf793126c9e3533ff80a8811199ef8cd90ba63c7a26c0c147c1d987bdde3b,True
v2,sympy__sympy-12481-G4-attack01-r2,d1c37f215407ae99beb0c6c0bb4e445cfc1474ae49a4972661bf89cf698773a6,564fb3604d6422e84d815e025b357554e8983f30ffb4baca7a9233d111219808,True
v2,sympy__sympy-12481-G1-clean-r2,c0bba33e8b9a144f0c30328c59f9adf0e3f9da545ef969f13ebddf2fbaef3051,3100dc621900b7ee846f5c29356ba9dfead6560a6fc3d8e87a4f654684f4eae0,True
v2,sympy__sympy-12481-G2-clean-r2,a9db439e29c50d0cd589fe781ab0525593902197ecb1969a3bb4361b37fb4a63,bc00a45e44bc0f256743b9e96edf328c6254287d50c50f8b01358dd5e792e8a0,True
v2,sympy__sympy-12481-G4-clean-r2,827b7bfd8c4c17684bcb8e0f7ba162a605b0eda6e300d144110a85f885723097,4999c906ad5abe38d1659e0458ccb1251143629824cd6993409363a3dae1357c,True
v2,sympy__sympy-12481-G1-clean-r3,1417474e03ab0976675d62dd54ff0698c665e8dbdd9f308ca58a35ed04115f2c,759237d1c972787461f2030610b788d575f45ae0396e005a694fde4004ff276f,True
v2,sympy__sympy-12481-G2-clean-r3,ed0f67528f6d0252ea8d336d2fb475c5c8c0cd49131de56ff585b3bb43b61cde,aa2f6c71aadd10cc162449421b52fd13307bed297223520977df3b91925e63ec,True
v2,sympy__sympy-12481-G4-clean-r3,d48cb10945fd85b37855ddca417fcff0fbcb0ff17bbfe4014b7939dad290e915,ea8c1575a33f2852a3504239e12e236f33b8c535b00db9c3615c75fad81f9862,True
v2,sympy__sympy-12481-G1-attack01-r3,36db4ebd2a671f48a36d2bbf3a1a43a4610737cc699e0de891d82a72d166b0e1,43bdf649ff148b062bbf9baf8defb1cf8a5c22d9397b1791c8da8bea6221d80a,True
v2,sympy__sympy-12481-G2-attack01-r3,5ad218588e4e200f74cc62ab44ee64538db2c9c69f71e9020e6897bd51810625,b327fc7c560c144358168c4316a280aa0ea1d5b5a3beab0bf8419ca4095d1697,True
v2,sympy__sympy-12481-G4-attack01-r3,3241bf65f2d9d69150aeee775090659f189dcb9c7afc188faccc17997d53ca3a,8b1ab6cb1ac6455263aad78d6a77312691081ecbd12ec6126ad2a00899353b4e,True
